Codigo,Especie,Tipo,Descricao
1101,Fenómenos Naturais,Cheia,"Intervenção em proteção e socorro na sequência da saída dos cursos de água dos seus leitos naturais, em função de precipitações intensas ou outros fenómenos."
1102,Fenómenos Naturais,Exercício de Cheia,"Exercício no âmbito de uma intervenção em proteção e socorro na sequência da saída dos cursos de água dos seus leitos naturais, em função de precipitações intensas ou outros fenómenos."
1103,Fenómenos Naturais,Ventos fortes,"Intervenção em proteção e socorro de pessoas e bens, na sequência de ventos fortes que podem assumir a forma de tornados ou outros fenómenos criados por ciclogénese."
1104,Fenómenos Naturais,Exercício de Ventos fortes,"Exercício no âmbito de uma intervenção em proteção e socorro de pessoas e bens, na sequência de ventos fortes que podem assumir a forma de tornados ou outros fenómenos criados por ciclogénese."
1105,Fenómenos Naturais,Sismo,"Intervenção em proteção e socorro de pessoas e bens, na sequência de um sismo."
1106,Fenómenos Naturais,Exercício de Sismo,"Exercício no âmbito de uma intervenção em proteção e socorro de pessoas e bens, na sequência de um sismo."
1107,Fenómenos Naturais,Nevões,"Assistência à população em resultado da queda de neve que impeça a circulação ou o acesso a áreas habitadas."
1108,Fenómenos Naturais,Exercício de Nevões,"Exercício no âmbito de uma assistência à população em resultado da queda de neve que impeça a circulação ou o acesso a áreas habitadas."
1109,Fenómenos Naturais,Ondas de calor,Assistência à população motivada por ondas de calor.
1110,Fenómenos Naturais,Exercício de Ondas de calor,Exercício no âmbito de uma assistência à população motivada por ondas de calor.
1111,Fenómenos Naturais,Ondas de frio,Assistência à população motivada por ondas de frio.
1112,Fenómenos Naturais,Exercício de Ondas de frio,Exercício no âmbito de uma assistência à população motivada por ondas de frio.
1113,Fenómenos Naturais,Secas,Assistência à população motivada por ausência prolongada de precipitação.
1114,Fenómenos Naturais,Exercício de Secas,Exercício no âmbito de uma assistência à população motivada por ausência prolongada de precipitação.
1115,Fenómenos Naturais,Inundação por galgamento costeiro,"Invasão de áreas costeiras por água do mar ou de estuários, por sobre-elevação da maré ou em resultado de tsunami."
1116,Fenómenos Naturais,Exercício de inundação por galgamento costeiro,"Exercício no âmbito de uma invasão de áreas costeiras por água do mar ou de estuários, por sobre-elevação da maré ou em resultado de tsunami."
1117,Fenómenos Naturais,Erosão costeira,"Destruição de praias e sistemas dunares por erosão costeira, não envolvendo invasão de áreas costeiras por água."
1118,Fenómenos Naturais,Exercício de Erosão costeira,"Exercício no âmbito de uma destruição de praias e sistemas dunares por erosão costeira, não envolvendo invasão de áreas costeiras por água."
1119,Fenómenos Naturais,Colapso de cavidades subterrâneas naturais,"Ações de busca, resgate ou assistência no decurso do colapso de cavidades subterrâneas naturais."
1120,Fenómenos Naturais,Exercício de Colapso de cavidades subterrâneas naturais,"Exercício no âmbito de ações de busca, resgate ou assistência no decurso do colapso de cavidades subterrâneas naturais."
1121,Fenómenos Naturais,Atividade Vulcânica,Ações de proteção e socorro no decurso de atividade vulcânica.
1122,Fenómenos Naturais,Exercício de Atividade Vulcânica,Exercício no âmbito de ações de proteção e socorro no decurso de atividade vulcânica.
1123,Fenómenos Naturais,Queda de Meteorito,Queda de meteorito em território nacional.
1124,Fenómenos Naturais,Exercício de Queda de Meteorito,Exercício no âmbito de uma queda de meteorito em território nacional.
1125,Fenómenos Naturais,Enxurrada / Aluvião,"Intervenção em proteção e socorro na sequência de grande quantidade de água que corre com violência, dentro ou fora dos seus leitos naturais, resultantes de chuvas abundantes e que arrastam no seu fluxo grandes quantidades de solo e detritos, e que podem provocar transbordo dos cursos de água."
1126,Fenómenos Naturais,Exercício de Enxurrada / Aluvião,"Exercício no âmbito de uma intervenção em proteção e socorro na sequência de grande quantidade de água que corre com violência, dentro ou fora dos seus leitos naturais, resultantes de chuvas abundantes e que arrastam no seu fluxo grandes quantidades de solo e detritos, e que podem provocar transbordo dos cursos de água."
2101,Incêndios Urbanos ou em Área Urbanizável,Habitacional,"Incêndio em edifícios ou parte de edifício destinados a habitação uni- ou multifamiliar, incluindo espaços comuns de acesso e áreas não residenciais reservadas ao uso exclusivo dos residentes."
2102,Incêndios Urbanos ou em Área Urbanizável,Exercício Habitacional,"Exercício no âmbito de um incêndio em edifícios ou parte de edifício destinados a habitação uni- ou multifamiliar, incluindo espaços comuns de acesso e áreas não residenciais reservadas ao uso exclusivo dos residentes."
2103,Incêndios Urbanos ou em Área Urbanizável,Estacionamento de superfície,Incêndio em superfície ao ar livre dedicada ao estacionamento de veículos.
2104,Incêndios Urbanos ou em Área Urbanizável,Exercício em Estacionamento de superfície,Exercício no âmbito de um incêndio em superfície ao ar livre dedicada ao estacionamento de veículos.
2105,Incêndios Urbanos ou em Área Urbanizável,Estacionamento em profundidade ou silo,Incêndio em edifícios e partes de edifícios destinados ao estacionamento de veículos.
2106,Incêndios Urbanos ou em Área Urbanizável,Exercício em Estacionamento em profundidade ou silo,Exercício no âmbito de um incêndio em edifícios e partes de edifícios destinados ao estacionamento de veículos.
2107,Incêndios Urbanos ou em Área Urbanizável,Serviços Administrativos,"Incêndios em edifícios ou partes de edifícios onde se desenvolvem atividades administrativas, de atendimento ao público ou de serviços, nomeadamente escritórios, repartições públicas, tribunais, conservatórias, balcões de atendimento, notários, gabinetes de profissionais liberais, espaços de investigação não dedicados ao ensino, excluindo as oficinas de reparação e manutenção."
2108,Incêndios Urbanos ou em Área Urbanizável,Exercícios em Serviços Administrativos,"Exercício no âmbito de incêndios em edifícios ou partes de edifícios onde se desenvolvem atividades administrativas, de atendimento ao público ou de serviços, nomeadamente escritórios, repartições públicas, tribunais, conservatórias, balcões de atendimento, notários, gabinetes de profissionais liberais, espaços de investigação não dedicados ao ensino, excluindo as oficinas de reparação e manutenção."
2109,Incêndios Urbanos ou em Área Urbanizável,Parque Escolar,"Incêndios em edifícios ou partes de edifícios onde se ministrem ações de educação, ensino e formação, ou onde se exerçam atividades lúdicas conexas, como escolas de todos os níveis e áreas de formação, faculdades e politécnicos, creches e jardim-de-infância, centros de formação, centros de juventude e ocupação de tempos livres, entre outros."
2110,Incêndios Urbanos ou em Área Urbanizável,Exercício em Parque Escolar,"Exercício no âmbito de incêndios em edifícios ou partes de edifícios onde se ministrem ações de educação, ensino e formação, ou onde se exerçam atividades lúdicas conexas, como escolas de todos os níveis e áreas de formação, faculdades e politécnicos, creches e jardim-de-infância, centros de formação, centros de juventude e ocupação de tempos livres, entre outros."
2111,Incêndios Urbanos ou em Área Urbanizável,Hospitalares e Lares de Idosos,"Incêndios em edifícios ou partes de edifícios recebendo público, destinados à execução de ações de diagnóstico ou à prestação de cuidados na área da saúde, com ou sem internamento, ao apoio a pessoas idosas ou com condicionalismos decorrentes de fatores de natureza física ou psíquica, nomeadamente hospitais, clínicas, consultórios, policlínicas, dispensários médicos, centros de saúde, de diagnóstico, de enfermagem, de hemodiálise ou de fisioterapia, laboratórios de análises clínicas, bem como lares, albergues, residenciais, centros de abrigo e centros de dia com atividades destinadas à terceira idade."
2112,Incêndios Urbanos ou em Área Urbanizável,Exercícios Hospitalares e Lares de Idosos,"Exercício no âmbito de incêndios em edifícios ou partes de edifícios recebendo público, destinados à execução de ações de diagnóstico ou à prestação de cuidados na área da saúde, com ou sem internamento, ao apoio a pessoas idosas ou com condicionalismos decorrentes de fatores de natureza física ou psíquica, nomeadamente hospitais, clínicas, consultórios, policlínicas, dispensários médicos, centros de saúde, de diagnóstico, de enfermagem, de hemodiálise ou de fisioterapia, laboratórios de análises clínicas, bem como lares, albergues, residenciais, centros de abrigo e centros de dia com atividades destinadas à terceira idade."
2113,Incêndios Urbanos ou em Área Urbanizável,Espetáculos e Reuniões Públicas,"Incêndios em edifícios ou partes de edifícios, recintos itinerantes ou provisórios e ao ar livre que recebam público, destinados a espetáculos, reuniões públicas, exibição de meios audiovisuais, bailes, jogos, conferências, palestras, culto religioso e exposições, nomeadamente teatros, cineteatros, cinemas, coliseus, praças de touros, circos, salas de jogo, salões de dança, discotecas, bares com música ao vivo, estúdios de gravação, auditórios, salas de conferências, templos religiosos e pavilhões multiusos."
2114,Incêndios Urbanos ou em Área Urbanizável,Exercícios em Espetáculos e Reuniões Públicas,"Exercício no âmbito de incêndios em edifícios ou partes de edifícios, recintos itinerantes ou provisórios e ao ar livre que recebam público, destinados a espetáculos, reuniões públicas, exibição de meios audiovisuais, bailes, jogos, conferências, palestras, culto religioso e exposições, nomeadamente teatros, cineteatros, cinemas, coliseus, praças de touros, circos, salas de jogo, salões de dança, discotecas, bares com música ao vivo, estúdios de gravação, auditórios, salas de conferências, templos religiosos e pavilhões multiusos."
2115,Incêndios Urbanos ou em Área Urbanizável,Hotelaria e Restauração,"Incêndios em edifícios ou partes de edifícios recebendo público, fornecendo alojamento temporário ou exercendo atividades de restauração e bebidas, em regime de ocupação exclusiva ou não, nomeadamente os destinados a empreendimentos turísticos, alojamento local, estabelecimentos de restauração ou de bebidas, dormitórios e, quando não inseridos num estabelecimento escolar, residências de estudantes e colónias de férias."
2116,Incêndios Urbanos ou em Área Urbanizável,Exercícios em Hotelaria e Restauração,"Exercício no âmbito de incêndios em edifícios ou partes de edifícios recebendo público, fornecendo alojamento temporário ou exercendo atividades de restauração e bebidas, em regime de ocupação exclusiva ou não, nomeadamente os destinados a empreendimentos turísticos, alojamento local, estabelecimentos de restauração ou de bebidas, dormitórios e, quando não inseridos num estabelecimento escolar, residências de estudantes e colónias de férias."
2117,Incêndios Urbanos ou em Área Urbanizável,Áreas Comerciais e Gares de Transportes,"Incêndios em edifícios ou partes de edifícios recebendo público, ocupados por estabelecimentos comerciais onde se exponham e vendam materiais, produtos, equipamentos ou outros bens, destinados a ser consumidos no exterior desse estabelecimento, ou ocupados por gares destinados a aceder a meios de transporte rodoviário, ferroviário, marítimo, fluvial ou aéreo, incluindo as gares intermodais, com exceção das plataformas de embarque ao ar livre."
2118,Incêndios Urbanos ou em Área Urbanizável,Exercícios em Áreas Comerciais e Gares de Transportes,"Exercício no âmbito de incêndios em edifícios ou partes de edifícios recebendo público, ocupados por estabelecimentos comerciais onde se exponham e vendam materiais, produtos, equipamentos ou outros bens, destinados a ser consumidos no exterior desse estabelecimento, ou ocupados por gares destinados a aceder a meios de transporte rodoviário, ferroviário, marítimo, fluvial ou aéreo, incluindo as gares intermodais, com exceção das plataformas de embarque ao ar livre."
2119,Incêndios Urbanos ou em Área Urbanizável,Desporto e Lazer,"Incêndios em edifícios ou partes de edifícios e recintos recebendo ou não público, destinados a atividades desportivas e de lazer, nomeadamente estádios, picadeiros, hipódromos, velódromos, autódromos, motódromos, kartódromos, campos de jogos, parques de campismo e caravanismo, pavilhões desportivos, piscinas, parques aquáticos, pistas de patinagem, ginásios e saunas, entre outros."
2120,Incêndios Urbanos ou em Área Urbanizável,Exercício em Desporto e Lazer,"Exercício no âmbito de incêndios em edifícios ou partes de edifícios e recintos recebendo ou não público, destinados a atividades desportivas e de lazer, nomeadamente estádios, picadeiros, hipódromos, velódromos, autódromos, motódromos, kartódromos, campos de jogos, parques de campismo e caravanismo, pavilhões desportivos, piscinas, parques aquáticos, pistas de patinagem, ginásios e saunas, entre outros."
2121,Incêndios Urbanos ou em Área Urbanizável,Museus e Galerias de Arte,"Incêndios em edifícios ou partes de edifícios, recebendo ou não público, destinados à exibição de peças do património histórico e cultural ou a atividades de exibição, demonstração e divulgação de carácter científico, cultural ou técnico, nomeadamente museus, galerias de arte, oceanários, aquários, instalações de parques zoológicos ou botânicos, espaços de exposição destinados à divulgação científica e técnica."
2122,Incêndios Urbanos ou em Área Urbanizável,Exercícios em Museus e Galerias de Arte,"Exercício no âmbito de incêndios em edifícios ou partes de edifícios, recebendo ou não público, destinados à exibição de peças do património histórico e cultural ou a atividades de exibição, demonstração e divulgação de carácter científico, cultural ou técnico, nomeadamente museus, galerias de arte, oceanários, aquários, instalações de parques zoológicos ou botânicos, espaços de exposição destinados à divulgação científica e técnica."
2123,Incêndios Urbanos ou em Área Urbanizável,Bibliotecas e Arquivos,"Incêndios em edifícios ou partes de edifícios, recebendo ou não público, destinados a arquivo documental, podendo disponibilizar os documentos para consulta ou visualização no próprio local ou não, nomeadamente bibliotecas, hemerotecas, mediatecas e arquivos."
2124,Incêndios Urbanos ou em Área Urbanizável,Exercícios em Bibliotecas e Arquivos,"Exercício no âmbito de incêndios em edifícios ou partes de edifícios, recebendo ou não público, destinados a arquivo documental, podendo disponibilizar os documentos para consulta ou visualização no próprio local ou não, nomeadamente bibliotecas, hemerotecas, mediatecas e arquivos."
2125,Incêndios Urbanos ou em Área Urbanizável,Militar Forças de Segurança e Forças de Socorro,Incêndios em edifícios ou partes de edifícios e recintos de entidades oficiais militares das forças de segurança e das forças de prestação de socorro.
2126,Incêndios Urbanos ou em Área Urbanizável,Exercício Militar Forças de Segurança e Forças de Socorro,Exercício no âmbito de incêndios em edifícios ou partes de edifícios e recintos de entidades oficiais militares das forças de segurança e das forças de prestação de socorro.
2127,Incêndios Urbanos ou em Área Urbanizável,Indústria Oficina e Armazém,"Incêndios em edifícios ou partes de edifícios e recintos ao ar livre, não recebendo habitualmente público, destinados ao exercício de atividades industriais ou ao armazenamento de materiais, substâncias, produtos ou equipamentos, oficinas de reparação e todos os serviços auxiliares ou complementares destas atividades."
2128,Incêndios Urbanos ou em Área Urbanizável,Exercício em Indústria Oficina e Armazém,"Exercício no âmbito de incêndios em edifícios ou partes de edifícios e recintos ao ar livre, não recebendo habitualmente público, destinados ao exercício de atividades industriais ou ao armazenamento de materiais, substâncias, produtos ou equipamentos, oficinas de reparação e todos os serviços auxiliares ou complementares destas atividades."
2129,Incêndios Urbanos ou em Área Urbanizável,Edifícios degradados ou devolutos,"Incêndios em edifícios ou partes de edifícios, sem fruição devido ao seu estado de degradação."
2130,Incêndios Urbanos ou em Área Urbanizável,Exercício em Edifícios degradados ou devolutos,"Exercício no âmbito de incêndios em edifícios ou partes de edifícios, sem fruição devido ao seu estado de degradação."
2201,Incêndios em Equipamento e Produtos,Equipamentos,"Incêndios que afetam exclusivamente equipamentos, não alastrando para outras superfícies."
2202,Incêndios em Equipamento e Produtos,Exercício em Equipamentos,"Exercício no âmbito de incêndios em edifícios que afetam exclusivamente equipamentos, não alastrando para outras superfícies."
2203,Incêndios em Equipamento e Produtos,Produtos,"Incêndios em edifícios que afetam exclusivamente produtos, não gerando danos nas infraestruturas que os contêm."
2204,Incêndios em Equipamento e Produtos,Exercício em Produtos,"Exercício no âmbito de incêndios que afetam exclusivamente produtos, não gerando danos nas infraestruturas que os contêm."
2301,Incêndios em Transportes,Rodoviário,Incêndios em todo o tipo de meio rodoviário.
2302,Incêndios em Transportes,Exercício Rodoviário,Exercício no âmbito de incêndios em todo o tipo de meio rodoviário.
2303,Incêndios em Transportes,Aéreo,Incêndios em todo o tipo de meio aéreo.
2304,Incêndios em Transportes,Exercício Aéreo,Exercício no âmbito de incêndios em todo o tipo de meio aéreo.
2305,Incêndios em Transportes,Ferroviário,Incêndios em todo o tipo de meio ferroviário.
2306,Incêndios em Transportes,Exercício Ferroviário,Exercício no âmbito de incêndios em todo o tipo de meio ferroviário.
2307,Incêndios em Transportes,Aquático,Incêndios em todo o tipo de meio aquático.
2308,Incêndios em Transportes,Exercício Aquático,Exercício no âmbito de incêndios em todo o tipo de meio aquático.
2401,Acidentes,Atropelamento rodoviário,"Dano à integridade física, causado por qualquer tipo de veículo em movimento."
2402,Acidentes,Exercício de Atropelamento rodoviário,"Exercício no âmbito de dano à integridade física, causado por qualquer tipo de veículo em movimento."
2403,Acidentes,Colisão rodoviária,Colisão entre viaturas.
2404,Acidentes,Exercício de Colisão rodoviária,Exercício no âmbito de colisão entre viaturas.
2405,Acidentes,Acidentes com veículos fora de estrada,"Acidentes com danos, em veículos fora de estrada, como tratores e outros veículos agrícolas, florestais ou industriais."
2406,Acidentes,Exercício de Acidentes com veículos fora de estrada,"Exercício no âmbito de acidentes com danos, em veículos fora de estrada, como tratores e outros veículos agrícolas, florestais ou industriais."
2407,Acidentes,Despiste,"Acidente com danos pessoais ou materiais, no decurso de perda de controlo do veículo."
2408,Acidentes,Exercício de Despiste,"Exercício no âmbito de acidente com danos pessoais ou materiais, no decurso de perda de controlo do veículo."
2409,Acidentes,Acidente Aéreo,"Colisão entre aeronaves ou queda de aeronave, bem como qualquer tipo de avaria que implique mobilização de meios terrestres para apoio e socorro."
2410,Acidentes,Exercício de Acidente Aéreo,"Exercício no âmbito de colisão entre aeronaves ou queda de aeronave, bem como qualquer tipo de avaria que implique mobilização de meios terrestres para apoio e socorro."
2411,Acidentes,Atropelamento ferroviário,Dano à integridade física causado por qualquer tipo de veículo ferroviário.
2412,Acidentes,Exercício de Atropelamento ferroviário,Exercício no âmbito de dano à integridade física causado por qualquer tipo de veículo ferroviário.
2413,Acidentes,Abalroamento ferroviário,Colisão de veículos ferroviários com veículos rodoviários ou obstáculos.
2414,Acidentes,Exercício de Abalroamento ferroviário,Exercício no âmbito de colisão de veículos ferroviários com veículos rodoviários ou obstáculos.
2415,Acidentes,Choque entre veículos ou composições ferroviárias,Colisão entre duas ou mais composições ferroviárias ou veículos ferroviários.
2416,Acidentes,Exercício de Choque entre veículos ou composições ferroviárias,Exercício no âmbito de colisão entre duas ou mais composições ferroviárias ou veículos ferroviários.
2417,Acidentes,Descarrilamento ferroviário,Saída de veículos ferroviários da circulação em carris.
2418,Acidentes,Exercício de Descarrilamento ferroviário,Exercício no âmbito de saída de veículos ferroviários da circulação em carris.
2419,Acidentes,Afundamento ou adornamento,"Submersão total ou parcial de embarcações, navios, ou veículos aquáticos."
2420,Acidentes,Exercício de Afundamento ou adornamento,"Exercício no âmbito de uma submersão total ou parcial de embarcações, navios, ou veículos aquáticos."
2421,Acidentes,Encalhe,"Acidentes com embarcações, navios, ou veículos aquáticos, resultando em encalhe."
2422,Acidentes,Exercício de Encalhe,"Exercícios no âmbito de acidentes com embarcações, navios, ou veículos aquáticos, resultando em encalhe."
2423,Acidentes,Colisão aquática,"Embate de embarcações, navios ou veículos aquáticos com outras estruturas artificiais ou formações naturais."
2424,Acidentes,Exercício de Colisão aquática,"Exercícios no âmbito de embate de embarcações, navios ou veículos aquáticos com outras estruturas artificiais ou formações naturais."
2425,Acidentes,Abalroamento aquático,"Colisão entre embarcações, navios, ou veículos aquático."
2426,Acidentes,Exercício de Abalroamento aquático,"Exercícios no âmbito de uma colisão entre embarcações, navios, ou veículos aquático."
2427,Acidentes,Transporte suspenso,"Acidente com equipamentos suspensos de transporte de pessoas ou carga, ou necessidade de assistência a pessoas, podendo resultar danos pessoais ou materiais."
2428,Acidentes,Exercício em Transporte suspenso,"Exercícios no âmbito de um acidente com equipamentos suspensos de transporte de pessoas ou carga, ou necessidade de assistência a pessoas, podendo resultar danos pessoais ou materiais."
2501,Acidentes industriais e tecnológicos,Radiológicos dentro de uma instalação,"Qualquer acidente com materiais radioativos, quando em armazenamento ou exploração, dando origem a emergências radiológicas ou nucleares."
2502,Acidentes industriais e tecnológicos,Exercício em Radiológicos dentro de uma instalação,"Exercício no âmbito de qualquer acidente com materiais radioativos, quando em armazenamento ou exploração, dando origem a emergências radiológicas ou nucleares."
2503,Acidentes industriais e tecnológicos,Químicos dentro de uma instalação,"Qualquer acidente com materiais deste tipo, quando em armazenamento ou exploração."
2504,Acidentes industriais e tecnológicos,Exercício em Químicos dentro de uma instalação,"Exercício no âmbito de qualquer acidente com materiais deste tipo, quando em armazenamento ou exploração."
2505,Acidentes industriais e tecnológicos,Biológicos dentro de uma instalação,"Qualquer acidente com materiais deste tipo, quando em armazenamento ou exploração."
2506,Acidentes industriais e tecnológicos,Exercício em Biológicos dentro de uma instalação,"Exercício no âmbito de qualquer acidente com materiais deste tipo, quando em armazenamento ou exploração."
2507,Acidentes industriais e tecnológicos,Radiológicos em trânsito,"Qualquer acidente com materiais radioativos, quando em transporte entre dois pontos distantes, por qualquer via onde não exista contenção por edificado, dando origem a emergências radiológicas ou nucleares."
2508,Acidentes industriais e tecnológicos,Exercício em Radiológicos em trânsito,"Exercício no âmbito de qualquer acidente com materiais radioativos, quando em transporte entre dois pontos distantes, por qualquer via onde não exista contenção por edificado, dando origem a emergências radiológicas ou nucleares."
2509,Acidentes industriais e tecnológicos,Químicos em trânsito,"Qualquer acidente com materiais deste tipo, quando em transporte entre dois pontos distantes, por qualquer via onde não exista contenção por edificado."
2510,Acidentes industriais e tecnológicos,Exercício em Químicos em trânsito,"Exercício no âmbito de qualquer acidente com materiais deste tipo, quando em transporte entre dois pontos distantes, por qualquer via onde não exista contenção por edificado."
2511,Acidentes industriais e tecnológicos,Biológicos em trânsito,"Qualquer acidente com materiais deste tipo, quando em transporte entre dois pontos distantes, por qualquer via onde não exista contenção por edificado."
2512,Acidentes industriais e tecnológicos,Exercício em Biológicos em trânsito,"Exercício no âmbito de qualquer acidente com materiais deste tipo, quando em transporte entre dois pontos distantes, por qualquer via onde não exista contenção por edificado."
2513,Acidentes industriais e tecnológicos,Fuga de Gás em conduta,Deterioração ou falha técnica de conduta que dá origem a fuga de gás.
2514,Acidentes industriais e tecnológicos,Exercício de Fuga de Gás em conduta,"Exercício no âmbito de uma fuga de gás, causada pela deterioração ou falha técnica de conduta."
2515,Acidentes industriais e tecnológicos,Fuga de Gás em garrafa,"Fuga de gás com origem em garrafa, por deterioração, falha técnica, ou outra causa."
2516,Acidentes industriais e tecnológicos,Exercício de Fuga de Gás em garrafa,"Exercício no âmbito de uma fuga de gás com origem em garrafa, por deterioração, falha técnica, ou outra causa."
2517,Acidentes industriais e tecnológicos,Fuga de Gás em reservatório,"Fuga de gás com origem em reservatório, por deterioração, falha técnica, ou outra causa."
2518,Acidentes industriais e tecnológicos,Exercício de Fuga de Gás em reservatório,"Exercício no âmbito de uma fuga de gás com origem em reservatório, por deterioração, falha técnica, ou outra causa."
2519,Acidentes industriais e tecnológicos,Queda de Satélite,Queda de satélite artificial em território nacional.
2520,Acidentes industriais e tecnológicos,Exercício de Queda de Satélite,Exercício no âmbito de uma queda de satélite artificial em território nacional.
3101,Incêndios Rurais,Povoamento Florestal,"Incêndio que afeta um espaço florestal, arborizado."
3102,Incêndios Rurais,Exercício em Povoamento Florestal,"Exercício no âmbito de um incêndio que afeta um espaço florestal, arborizado."
3103,Incêndios Rurais,Mato,"Incêndio que afeta um espaço florestal, não arborizado."
3104,Incêndios Rurais,Exercício em Mato,"Exercício no âmbito de um incêndio que afeta um espaço florestal, não arborizado."
3105,Incêndios Rurais,Agrícola,Incêndio que afeta uma área destinada à exploração agrícola.
3106,Incêndios Rurais,Exercício em Agrícola,Exercício no âmbito de um incêndio que afeta uma área destinada à exploração agrícola.
3107,Incêndios Rurais,Consolidação de Rescaldo,"Empenhamento residual de meios em incêndios já extintos para consolidação do rescaldo em pontos quentes dentro do perímetro ardido, sem possibilidade de reacendimento que afete áreas adjacentes ao perímetro original."
3108,Incêndios Rurais,Exercício de Consolidação de Rescaldo,"Exercício no âmbito do empenhamento residual de meios em incêndios já extintos para consolidação do rescaldo em pontos quentes dentro do perímetro ardido, sem possibilidade de reacendimento que afete áreas adjacentes ao perímetro original."
3109,Incêndios Rurais,Gestão de Combustível,"Ação que visa queimar combustíveis, de forma controlada e em condições de segurança, para prevenção de incêndios rurais e/ou renovação de pastagens ou terrenos agricultados."
3110,Incêndios Rurais,Exercício de Gestão de Combustível,"Exercício no âmbito de uma ação que visa queimar combustíveis, de forma controlada e em condições de segurança, para prevenção de incêndios rurais e/ou renovação de pastagens ou terrenos agricultados."
3111,Incêndios Rurais,Queima,"Empenho de meios para extinguir incêndios resultantes do uso do fogo para eliminar sobrantes de exploração, cortados e amontoados."
3112,Incêndios Rurais,Exercício de Queima,"Exercício no âmbito do empenho de meios para extinguir incêndios resultantes do uso do fogo para eliminar sobrantes de exploração, cortados e amontoados."
3201,Incêndios em Detritos,Detritos não confinados,"Incêndios em lixos aglomerados ou dispersos, de carácter urbano ou industrial, como lixeiras e detritos abandonados."
3202,Incêndios em Detritos,Exercício em Detritos não confinados,"Exercício no âmbito de incêndios em lixos aglomerados ou dispersos, de carácter urbano ou industrial, como lixeiras e detritos abandonados."
3203,Incêndios em Detritos,Detritos confinados,Incêndios em contentores de lixo/resíduos urbanos ou industriais.
3204,Incêndios em Detritos,Exercício em Detritos confinados,Exercício no âmbito de incêndios em contentores de lixo/resíduos urbanos ou industriais.
3301,Comprometimento total ou parcial de segurança serviços ou estruturas,Queda de Árvore,Queda de espécie de porte arbóreo por agente externo à espécie ou por degradação da mesma.
3302,Comprometimento total ou parcial de segurança serviços ou estruturas,Exercício de Queda de Árvore,Exercício no âmbito de queda de espécie de porte arbóreo por agente externo à espécie ou por degradação da mesma.
3303,Comprometimento total ou parcial de segurança serviços ou estruturas,Corte de abastecimento de água,Corte de abastecimento de água à população durante um período superior a 24 horas.
3304,Comprometimento total ou parcial de segurança serviços ou estruturas,Exercício de Corte de abastecimento de água,Exercício no âmbito de um corte de abastecimento de água à população durante um período superior a 24 horas.
3305,Comprometimento total ou parcial de segurança serviços ou estruturas,Corte de abastecimento elétrico,Corte de abastecimento de eletricidade à população durante um período superior a 24 horas.
3306,Comprometimento total ou parcial de segurança serviços ou estruturas,Exercício de Corte de abastecimento elétrico,Exercício no âmbito de um corte de abastecimento de eletricidade à população durante um período superior a 24 horas.
3307,Comprometimento total ou parcial de segurança serviços ou estruturas,Corte de abastecimento de gás,Corte de abastecimento de gás à população durante um período superior a 24 horas.
3308,Comprometimento total ou parcial de segurança serviços ou estruturas,Exercício de Corte de abastecimento de gás,Exercício no âmbito de um corte de abastecimento de gás à população durante um período superior a 24 horas.
3309,Comprometimento total ou parcial de segurança serviços ou estruturas,Desabamento de estruturas edificadas,"Colapso de edificado ou estrutura artificial que provoca danos a si mesma, e/ou a estruturas adjacentes."
3310,Comprometimento total ou parcial de segurança serviços ou estruturas,Exercício de Desabamento de estruturas edificadas,"Exercício no âmbito de um colapso de edificado ou estrutura artificial que provoca danos a si mesma, e/ou a estruturas adjacentes."
3311,Comprometimento total ou parcial de segurança serviços ou estruturas,Queda de elementos de construção em estruturas edificadas,"Queda ou desprendimento, parcial ou total, de elementos de construção ou decoração em edifícios, que indiciem mau estado de conservação e/ou falta de segurança dos mesmos."
3312,Comprometimento total ou parcial de segurança serviços ou estruturas,Exercício de Queda de elementos de construção em estruturas edificadas,"Exercício no âmbito de uma queda ou desprendimento, parcial ou total, de elementos de construção ou decoração em edifícios, que indiciem mau estado de conservação e/ou falta de segurança dos mesmos."
3313,Comprometimento total ou parcial de segurança serviços ou estruturas,Movimento de massa,Deslizamentos de terras e outros movimentos similares com provável arrasto de materiais sólidos.
3314,Comprometimento total ou parcial de segurança serviços ou estruturas,Exercício de Movimento de massa,Exercício no âmbito de deslizamentos de terras e outros movimentos similares com provável arrasto de materiais sólidos.
3315,Comprometimento total ou parcial de segurança serviços ou estruturas,Inundação de estruturas ou superfícies por precipitação intensa,"Preenchimento de espaços edificados ou superfícies (incluindo rodovias) por água, combinando precipitações intensas com ausência ou dificuldades de escoamento."
3316,Comprometimento total ou parcial de segurança serviços ou estruturas,Exercício de Inundação de estruturas ou superfícies por precipitação intensa,"Exercício no âmbito do preenchimento de espaços edificados ou superfícies (incluindo rodovias) por água, combinando precipitações intensas com ausência ou dificuldades de escoamento."
3317,Comprometimento total ou parcial de segurança serviços ou estruturas,Inundação de estruturas por água canalizada,"Preenchimento de espaços edificados ou superfícies (incluindo rodovias) por água, em resultado de ruturas de redes de abastecimento."
3318,Comprometimento total ou parcial de segurança serviços ou estruturas,Exercício de Inundação de estruturas por água canalizada,"Exercício no âmbito do preenchimento de espaços edificados ou superfícies (incluindo rodovias) por água, em resultado de ruturas de redes de abastecimento."
3319,Comprometimento total ou parcial de segurança serviços ou estruturas,Desentupimento / Tamponamento,Desobstrução de canais entupidos e ações temporárias para evitar novas obstruções.
3320,Comprometimento total ou parcial de segurança serviços ou estruturas,Exercício de Desentupimento / Tamponamento,Exercício no âmbito de uma desobstrução de canais entupidos e ações temporárias para evitar novas obstruções.
3321,Comprometimento total ou parcial de segurança serviços ou estruturas,Dano ou Queda de redes de fornecimento elétrico,"Falha ou degradação de elementos técnicos (como cabos) necessários ao fornecimento de eletricidade, que exigem reparação ou remoção."
3322,Comprometimento total ou parcial de segurança serviços ou estruturas,Exercício de Dano ou Queda de redes de fornecimento elétrico,"Exercício no âmbito de uma falha ou degradação de elementos técnicos (como cabos) necessários ao fornecimento de eletricidade, que exigem reparação ou remoção."
3323,Comprometimento total ou parcial de segurança serviços ou estruturas,Dano em redes de abastecimento de água,"Falha ou degradação de elementos técnicos necessários ao fornecimento de água, que exigem fecho, reparação ou remoção."
3324,Comprometimento total ou parcial de segurança serviços ou estruturas,Exercício de Dano em redes de abastecimento de água,"Exercício no âmbito de uma falha ou degradação de elementos técnicos necessários ao fornecimento de água, que exigem fecho, reparação ou remoção."
3325,Comprometimento total ou parcial de segurança serviços ou estruturas,Dano em redes de abastecimento de gás,"Falha ou degradação de elementos técnicos necessários ao fornecimento de gás, que exigem fecho, reparação ou remoção."
3326,Comprometimento total ou parcial de segurança serviços ou estruturas,Exercício de Dano em redes de abastecimento de gás,"Exercício no âmbito de uma falha ou degradação de elementos técnicos necessários ao fornecimento de gás, que exigem fecho, reparação ou remoção."
3327,Comprometimento total ou parcial de segurança serviços ou estruturas,Dano em oleodutos e gasodutos,Falha ou degradação de elementos técnicos necessários ao transporte de hidrocarbonetos.
3328,Comprometimento total ou parcial de segurança serviços ou estruturas,Exercício de Dano em oleodutos e gasodutos,Exercício no âmbito de uma falha ou degradação de elementos técnicos necessários ao transporte de hidrocarbonetos.
3329,Comprometimento total ou parcial de segurança serviços ou estruturas,Queda de estruturas temporárias ou móveis,"Falha ou deterioração de estruturas como andaimes, estacaria, e outras, cuja queda danifica outros objetos ou pode criar perigo para pessoas e bens."
3330,Comprometimento total ou parcial de segurança serviços ou estruturas,Exercício de Queda de estruturas temporárias ou móveis,"Exercício no âmbito de uma falha ou deterioração de estruturas como andaimes, estacaria, e outras, cuja queda danifica outros objetos ou pode criar perigo para pessoas e bens."
3331,Comprometimento total ou parcial de segurança serviços ou estruturas,Colapso de galerias e cavidades artificiais,Intervenção de socorro em situação de colapso de galerias e cavidades artificiais como minas ou túneis.
3332,Comprometimento total ou parcial de segurança serviços ou estruturas,Exercício de Colapso de galerias e cavidades artificiais,Exercício no âmbito de uma intervenção de socorro em situação de colapso de galerias e cavidades artificiais como minas ou túneis.
3333,Comprometimento total ou parcial de segurança serviços ou estruturas,Rutura de Barragens,"Ações de proteção e socorro realizadas na sequência da rutura de barragens, com perigo para populações e bens por cheia rápida e inundação a jusante."
3334,Comprometimento total ou parcial de segurança serviços ou estruturas,Exercício de Rutura de Barragens,"Exercício no âmbito de ações de proteção e socorro realizadas na sequência da rutura de barragens, com perigo para populações e bens por cheia rápida e inundação a jusante."
3335,Comprometimento total ou parcial de segurança serviços ou estruturas,Sabotagem a estruturas críticas,Atos de sabotagem a infraestruturas e/ou serviços críticos para o normal funcionamento da sociedade.
3336,Comprometimento total ou parcial de segurança serviços ou estruturas,Exercício de Sabotagem a estruturas críticas,Exercício no âmbito de atos de sabotagem a infraestruturas e/ou serviços críticos para o normal funcionamento da sociedade.
3337,Comprometimento total ou parcial de segurança serviços ou estruturas,Queda de projétil comandado,"Queda em território nacional de projétil comandado, como um míssil."
3338,Comprometimento total ou parcial de segurança serviços ou estruturas,Exercício de Queda de projétil comandado,"Exercício no âmbito de uma queda em território nacional de projétil comandado, como um míssil."
4101,Assistência em Saúde,Intoxicação,"Exposição a um tóxico, em qualquer fase, havendo necessidade de atuação para mitigar os efeitos do tóxico sobre o indivíduo/a população afetada."
4102,Assistência em Saúde,Exercício de Intoxicação,"Exercício no âmbito de uma exposição a um tóxico, em qualquer fase, havendo necessidade de atuação para mitigar os efeitos do tóxico sobre o indivíduo/a população afetada."
4103,Assistência em Saúde,Doença súbita,"Situação pessoal, inesperada e repentina, que exige cuidado médico imediato, declarado por entidade competente (com número CODU)."
4104,Assistência em Saúde,Exercício de Doença súbita,"Exercício no âmbito de uma situação pessoal, inesperada e repentina, que exige cuidado médico imediato, declarado por entidade competente (com número CODU)."
4105,Assistência em Saúde,Trauma,"Ferimentos, internos ou externos, causados por movimento abrupto ou de grande impacte físico, que exige cuidados hospitalares."
4106,Assistência em Saúde,Exercício de Trauma,"Exercício no âmbito da prestação de cuidados a uma vítima com ferimentos, internos ou externos, causados por movimento abrupto ou de grande impacte físico, que exige cuidados hospitalares."
4107,Assistência em Saúde,Queimadura,"Lesão corporal que resulta do contacto direto ou exposição a agentes térmicos, químicos, radioativos ou elétricos."
4108,Assistência em Saúde,Exercício de Queimadura,"Exercício no âmbito da prestação de cuidados a uma vítima com uma lesão corporal que resulta do contacto direto ou exposição a agentes térmicos, químicos, radioativos ou elétricos."
4109,Assistência em Saúde,Trabalho de Parto,"Auxílio a parturiente, cujo destino é uma unidade hospitalar, podendo haver lugar ao auxílio ao nascimento se o parto se apresentar súbito ou em fase avançada."
4110,Assistência em Saúde,Exercício de Trabalho de Parto,"Exercício no âmbito do auxílio a parturiente, cujo destino é uma unidade hospitalar, podendo haver lugar ao auxílio ao nascimento se o parto se apresentar súbito ou em fase avançada."
4111,Assistência em Saúde,Pré-Afogamento,"Submersão em ambiente líquido, conduzindo a um estado de asfixia reversível, não resultando na morte do indivíduo."
4112,Assistência em Saúde,Exercício de Pré-Afogamento,"Exercício no âmbito da prestação de cuidados a uma vítima de submersão em ambiente líquido, conduzindo a um estado de asfixia reversível, não resultando na morte do indivíduo."
4113,Assistência em Saúde,Afogamento,"Submersão em ambiente líquido levando à asfixia, exigindo auxílio rápido para remoção da vítima."
4114,Assistência em Saúde,Exercício de Afogamento,"Exercício no âmbito da prestação de cuidados a uma vítima de submersão em ambiente líquido levando à asfixia, exigindo auxílio rápido para remoção da vítima."
4115,Assistência em Saúde,Evacuação e Transporte médico aéreo,"Transporte de doentes ou sinistrados em aeronave, com destino a unidade de cuidados de saúde (evacuação secundária, entre unidades de cuidados de saúde)."
4116,Assistência em Saúde,Exercício de Evacuação e Transporte médico aéreo,"Exercício no âmbito de um transporte de doentes ou sinistrados em aeronave, com destino a unidade de cuidados de saúde (evacuação secundária, entre unidades de cuidados de saúde)."
4117,Assistência em Saúde,Transporte de órgãos,Transporte de órgãos entre unidades hospitalares para efeitos de transplantação.
4118,Assistência em Saúde,Exercício de Transporte de órgãos,Exercício no âmbito de um transporte de órgãos entre unidades hospitalares para efeitos de transplantação.
4119,Assistência em Saúde,Transporte Regular de Doentes,"Transporte de pessoas doentes, fora do contexto da emergência médica declarada por entidade competente, incluindo o transporte regular para obtenção de cuidados continuados de saúde, e seu retorno."
4121,Assistência em Saúde,Transporte Extra SIEM,"Transporte de pessoas doentes, em contexto urgente, sem declaração por entidade competente do Sistema Integrado de Emergência Médica (sem número CODU)."
4123,Assistência em Saúde,Transporte de Doentes entre Unidades de Saúde,"Transporte de pessoas doentes entre unidade hospitalar de primeira prestação de cuidados médicos de emergência, e uma unidade de cuidados médicos de segunda linha."
4124,Assistência em Saúde,Exercício de Transporte de Doentes entre Unidades de Saúde,"Exercício no âmbito de um transporte de pessoas doentes entre unidade hospitalar de primeira prestação de cuidados médicos de emergência, e uma unidade de cuidados médicos de segunda linha."
4201,Intervenção em conflitos legais,Ameaça de explosão,Atuação na sequência de aviso de existência de engenho explosivo em edifícios ou locais públicos.
4202,Intervenção em conflitos legais,Exercício de Ameaça de explosão,Exercício no âmbito de uma atuação na sequência de aviso de existência de engenho explosivo em edifícios ou locais públicos.
4203,Intervenção em conflitos legais,Explosão,"Rebentamento efetivo de engenho explosivo ou explosão de outra substância, com ou sem aviso prévio, exigindo empenho de forças de proteção e socorro."
4204,Intervenção em conflitos legais,Exercício de Explosão,"Exercício no âmbito de um rebentamento efetivo de engenho explosivo ou explosão de outra substância, com ou sem aviso prévio, exigindo empenho de forças de proteção e socorro."
4205,Intervenção em conflitos legais,Agressão/Violação,"Qualquer ação que atente contra a integridade física ou psicológica, exigindo intervenção para proteção e socorro."
4206,Intervenção em conflitos legais,Exercício de Agressão/Violação,"Exercício no âmbito de uma qualquer ação que atente contra a integridade física ou psicológica, exigindo intervenção para proteção e socorro."
4207,Intervenção em conflitos legais,Suicídio/Homicídio na forma tentada,"Tentativa de terminar a vida, própria ou de terceiros."
4209,Intervenção em conflitos legais,Suicídio/Homicídio consumado,"Suicídio ou homicídio concretizados, exigindo a confirmação do óbito por autoridade competente."
4211,Intervenção em conflitos legais,Motim,Alteração da ordem pública.
4212,Intervenção em conflitos legais,Exercício de Motim,Exercício no âmbito de uma alteração da ordem pública.
4213,Intervenção em conflitos legais,Remoção e/ou Transporte de cadáver,"Remoção ou transporte de cadáver, da via pública, habitação ou outro local, após confirmação do óbito por autoridade competente."
4214,Intervenção em conflitos legais,Exercício de Remoção e/ou Transporte de cadáver,"Exercício no âmbito de uma remoção ou transporte de cadáver, da via pública, habitação ou outro local, após confirmação do óbito por autoridade competente."
4215,Intervenção em conflitos legais,Apoio às Forças de Segurança,Atuação na sequência de pedido expresso das forças de segurança com vista à prestação de apoio ao desempenho das suas missões.
4216,Intervenção em conflitos legais,Exercício de Apoio às Forças de Segurança,Exercício no âmbito de uma atuação na sequência de pedido expresso das forças de segurança com vista à prestação de apoio ao desempenho das suas missões.
4301,Assistência e Prevenção a atividades humanas,Patrulhamento Reconhecimento e Vigilância,"Empenho de forças de proteção e socorro em locais com elevada probabilidade de ocorrência de fenómenos danosos para as populações, património ou ambiente."
4302,Assistência e Prevenção a atividades humanas,Exercício de Patrulhamento Reconhecimento e Vigilância,"Exercício no âmbito do empenho de forças de proteção e socorro em locais com elevada probabilidade de ocorrência de fenómenos danosos para as populações, património ou ambiente."
4303,Assistência e Prevenção a atividades humanas,Prevenção a atividades de lazer,"Empenho de forças de proteção e socorro em locais de reunião de massas humanas em atividades de lazer, como espetáculos e atividades desportivas, para prestação de assistência rápida em caso de necessidade."
4304,Assistência e Prevenção a atividades humanas,Exercício de Prevenção a atividades de lazer,"Exercício no âmbito do empenho de forças de proteção e socorro em locais de reunião de massas humanas em atividades de lazer, como espetáculos e atividades desportivas, para prestação de assistência rápida em caso de necessidade."
4305,Assistência e Prevenção a atividades humanas,Limpeza de Via e Sinalização de Perigo,"Todo o tipo de limpeza de via, por quaisquer meios, removendo obstáculos e sinalização de perigos para a circulação."
4306,Assistência e Prevenção a atividades humanas,Exercício de Limpeza de Via e Sinalização de Perigo,"Exercício no âmbito de todo o tipo de limpeza de via, por quaisquer meios, removendo obstáculos e sinalização de perigos para a circulação."
4307,Assistência e Prevenção a atividades humanas,Assistência à população e Apoio Social,"Todo o tipo de situação que envolva forças de proteção e socorro para auxílio ou encaminhamento das populações para entidades competentes à prestação de resposta à situação em apreço, ou para apoio psicossocial."
4308,Assistência e Prevenção a atividades humanas,Exercício de Assistência à população e Apoio Social,"Exercício no âmbito de o tipo de situação que envolva forças de proteção e socorro para auxílio ou encaminhamento das populações para entidades competentes à prestação de resposta à situação em apreço, ou para apoio psicossocial."
4309,Assistência e Prevenção a atividades humanas,Apoio psicossocial a operacionais,"Prestação de apoio psicossocial a operacionais, no âmbito da ANPC."
4310,Assistência e Prevenção a atividades humanas,Exercício de Apoio psicossocial a operacionais,"Exercício no âmbito da prestação de apoio psicossocial a operacionais, no âmbito da ANPC."
4311,Assistência e Prevenção a atividades humanas,Abastecimento de Água à População,Fornecimento de água a uma população privada de abastecimento.
4312,Assistência e Prevenção a atividades humanas,Exercício de Abastecimento de Água à População,Exercício no âmbito do fornecimento de água a uma população privada de abastecimento.
4313,Assistência e Prevenção a atividades humanas,Abastecimento de Água a entidades públicas,"Fornecimento de água a entidades públicas privadas de abastecimento por períodos prolongados, ou por períodos curtos nos casos em que a água é essencial à segurança das populações servidas, como centros de diálise, hospitais e outros."
4314,Assistência e Prevenção a atividades humanas,Exercício de Abastecimento de Água a entidades públicas,"Exercício no âmbito do fornecimento de água a entidades públicas privadas de abastecimento por períodos prolongados, ou por períodos curtos nos casos em que a água é essencial à segurança das populações servidas, como centros de diálise, hospitais e outros."
4315,Assistência e Prevenção a atividades humanas,Abastecimento de Água a entidades privadas,"Fornecimento de água a uma entidade privada, em resultado de interrupção de abastecimento ou em reposição a quantitativos utilizados em ações de proteção e socorro."
4316,Assistência e Prevenção a atividades humanas,Exercício de Abastecimento de Água a entidades privadas,"Exercício no âmbito do fornecimento de água a uma entidade privada, em resultado de interrupção de abastecimento ou em reposição a quantitativos utilizados em ações de proteção e socorro."
4317,Assistência e Prevenção a atividades humanas,Abertura de porta com socorro,"Abertura de porta em missão de socorro, havendo perigo para a segurança de pessoas, bens e património."
4318,Assistência e Prevenção a atividades humanas,Exercício de Abertura de porta com socorro,"Exercício no âmbito da abertura de porta em missão de socorro, havendo perigo para a segurança de pessoas, bens e património."
4319,Assistência e Prevenção a atividades humanas,Abertura de porta sem socorro,Abertura de porta em situação da qual não resulta perigo imediato para pessoas bens e património.
4320,Assistência e Prevenção a atividades humanas,Exercício de Abertura de porta sem socorro,Exercício no âmbito da abertura de porta em situação da qual não resulta perigo imediato para pessoas bens e património.
4321,Assistência e Prevenção a atividades humanas,Abertura de Elevadores,"Libertação de pessoas presas no interior de elevadores, por avaria, falha de alimentação elétrica ou outra causa."
4322,Assistência e Prevenção a atividades humanas,Exercício de Abertura de Elevadores,"Exercício no âmbito da libertação de pessoas presas no interior de elevadores, por avaria, falha de alimentação elétrica ou outra causa."
4323,Assistência e Prevenção a atividades humanas,Reboque e Desempanagem,"Assistir ou rebocar veículo imobilizado, por falha mecânica ou evento exterior ao veículo."
4324,Assistência e Prevenção a atividades humanas,Exercício de Reboque e Desempanagem,Exercício no âmbito de assistir ou rebocar veículo imobilizado por falha mecânica ou evento exterior ao veículo.
4325,Assistência e Prevenção a atividades humanas,Evacuação,Ações desenvolvidas para retirada/movimentação de pessoas ou bens entre locais distintos para salvaguarda da sua segurança.
4326,Assistência e Prevenção a atividades humanas,Exercício de Evacuação,Exercício no âmbito de ações desenvolvidas para retirada/movimentação de pessoas ou bens entre locais distintos para salvaguarda da sua segurança.
4327,Assistência e Prevenção a atividades humanas,Busca e Resgate Terrestre de Pessoas,Processo de busca e resgate ou salvamento de pessoas em ambiente terrestre para localização e colocação em condições de segurança.
4328,Assistência e Prevenção a atividades humanas,Exercício de Busca e Resgate Terrestre de Pessoas,Exercício no âmbito do processo de busca e resgate ou salvamento de pessoas em ambiente terrestre para localização e colocação em condições de segurança.
4329,Assistência e Prevenção a atividades humanas,Busca e Resgate Aquático de Pessoas,Processo de busca e resgate ou salvamento de pessoas em ambiente aquático para localização e colocação em condições de segurança.
4330,Assistência e Prevenção a atividades humanas,Exercício de Busca e Resgate Aquático de Pessoas,Exercício no âmbito do processo de busca e resgate ou salvamento de pessoas em ambiente aquático para localização e colocação em condições de segurança.
4331,Assistência e Prevenção a atividades humanas,Busca e Resgate Terrestre de Animais,Processo de busca e resgate ou salvamento de animais em ambiente terrestre para localização e colocação em condições de segurança.
4332,Assistência e Prevenção a atividades humanas,Exercício de Busca e Resgate Terrestre de Animais,Exercício no âmbito do processo de busca e resgate ou salvamento de animais em ambiente terrestre para localização e colocação em condições de segurança.
4333,Assistência e Prevenção a atividades humanas,Busca e Resgate Aquático de Animais,Processo de busca e resgate ou salvamento de animais em ambiente aquático para localização e colocação em condições de segurança.
4334,Assistência e Prevenção a atividades humanas,Exercício de Busca e Resgate Aquático de Animais,Exercício no âmbito do processo de busca e resgate ou salvamento de animais em ambiente aquático para localização e colocação em condições de segurança.
4335,Assistência e Prevenção a atividades humanas,Prevenção a Queimadas,Empenhamento de meios para acompanhamento de queimadas procurando evitar a sua propagação descontrolada.
4336,Assistência e Prevenção a atividades humanas,Exercício de Prevenção a Queimadas,Exercício no âmbito do empenhamento de meios para acompanhamento de queimadas procurando evitar a sua propagação descontrolada.
4337,Assistência e Prevenção a atividades humanas,Acompanhamento de Transportes,"Empenhamento de meios para acompanhamento de transportes em coluna ou transportes especiais, não regulares."
4338,Assistência e Prevenção a atividades humanas,Exercício de Acompanhamento de Transportes,"Exercício no âmbito do empenhamento de meios para acompanhamento de transportes em coluna ou transportes especiais, não regulares."
4339,Assistência e Prevenção a atividades humanas,Corte ou Remoção de elementos em perigo de queda,"Empenhamento de meios para corte ou remoção de elementos cuja queda se apresente iminente, resultando em danos para pessoas e bens. Inclui o corte ou remoção de árvores, ou de outras estruturas artificiais temporárias ou permanentes, como postes, painéis ou andaimes, entre outros."
4340,Assistência e Prevenção a atividades humanas,Exercício de Corte ou Remoção de elementos em perigo de queda,"Exercício no âmbito do empenhamento de meios para corte ou remoção de elementos cuja queda se apresente iminente, resultando em danos para pessoas e bens. Inclui o corte ou remoção de árvores, ou de outras estruturas artificiais temporárias ou permanentes, como postes, painéis ou andaimes, entre outros."
9101,Operações,Pré-posicionamento de Meios,"Movimentação de meios para um local pré-definido, para prevenção e garantia de intervenção mais rápida."
9102,Operações,Exercício de Pré-posicionamento de Meios,"Exercício no âmbito da movimentação de meios para um local pré-definido, para prevenção e garantia de intervenção mais rápida."
9103,Operações,Pré-posicionamento de Meios DECIR,Movimentação de meios para um local pré-definido em apoio ao DECIR.
9104,Operações,Exercício de Pré-posicionamento de Meios DECIR,Exercício no âmbito da movimentação de meios para um local pré-definido em apoio ao DECIR.
9107,Operações,Deslocações em Formação,Movimentação de pessoal para formação.
9109,Operações,Deslocações Oficiais,Movimentação de pessoal em representação de uma entidade.
9110,Operações,Exercício de Deslocações Oficiais,Exercício no âmbito da movimentação de pessoal em representação de uma entidade.
9111,Operações,Deslocações em Serviço Geral,Movimentação de pessoal em serviços internos à entidade.
9113,Operações,Operações Nacionais de Socorro,"Missões de socorro coordenadas pelo nível nacional, em território nacional."
9114,Operações,Exercício de Operações Nacionais de Socorro,"Exercício no âmbito de missões de socorro coordenadas pelo nível nacional, em território nacional."
9115,Operações,Operações Nacionais de Assistência,"Missões de prevenção e assistência a grandes eventos, obedecendo a uma ordem de operações ou diretiva."
9116,Operações,Exercício de Operações Nacionais de Assistência,"Exercício no âmbito de missões de prevenção e assistência a grandes eventos, obedecendo a uma ordem de operações ou diretiva."
9117,Operações,Missões Internacionais em Socorro,Missões de socorro desenvolvidas fora do território Português.
9118,Operações,Exercício de Missões Internacionais em Socorro,Exercício no âmbito de missões de socorro desenvolvidas fora do território Português.
9119,Operações,Missões Internacionais de Assistência,"Missões de assistência a grandes eventos, desenvolvidas fora do território Português."
9120,Operações,Exercício de Missões Internacionais de Assistência,"Exercício no âmbito de missões de assistência a grandes eventos, desenvolvidas fora do território Português."
9121,Operações,Reconhecimento Aéreo,Missões de reconhecimento aéreo.
9122,Operações,Exercício de Reconhecimento Aéreo,Exercício no âmbito de missões de reconhecimento aéreo.
9123,Operações,Rendição de Meios,Movimentação de meios operacionais com vista à rendição de guarnições acionadas no decurso de uma ocorrência de proteção e socorro.
9124,Operações,Exercício de Rendição de Meios,Exercício no âmbito da movimentação de meios operacionais com vista à rendição de guarnições acionadas no decurso de uma ocorrência de proteção e socorro.
9125,Operações,Reposicionamento de Meios Aéreos,Movimentação de meios aéreos entre Centros de Meios Aéreos.
9910,Estados de Alerta do Sistema Integrado de Operações de Proteção e Socorro,Estado de Alerta Especial Nível Azul (Estado de Alerta – nível 1*),Ocorrência agregadora para situações de alerta especial de nível Azul.
9920,Estados de Alerta do Sistema Integrado de Operações de Proteção e Socorro,Estado de Alerta Especial Nível Amarelo (Estado de Alerta – nível 2*),Ocorrência agregadora para situações de alerta especial de nível Amarelo.
9930,Estados de Alerta do Sistema Integrado de Operações de Proteção e Socorro,Estado de Alerta Especial Nível Laranja (Estado de Alerta – nível 3*),Ocorrência agregadora para situações de alerta especial de nível Laranja.
9940,Estados de Alerta do Sistema Integrado de Operações de Proteção e Socorro,Estado de Alerta Especial Nível Vermelho (Estado de Alerta – nível 4*),Ocorrência agregadora para situações de alerta especial de nível Vermelho.
9999,Estados de Alerta do Sistema Integrado de Operações de Proteção e Socorro,Situação Crítica,"Ocorrência agregadora para situações de exceção já verificadas (não previstas nem esperadas) que ultrapassem os Estados de Alerta Especial previstos no SIOPS, por força de um único evento catastrófico ou conjugação de vários eventos, de carácter natural, tecnológico, misto, ou de origem social."
